{
  "features": [
    "weighted_ap_sum",
    "weighted_eff_sum",
    "prior_midterm"
  ],
  "scaler": {
    "mean_": [
      64.96302672451266,
      63.64468462778485,
      -0.2157086782407397
    ],
    "scale_": [
      9.193748131217315,
      10.366242584510394,
      1.214878388916681
    ]
  },
  "ridge": {
    "coef_": [
      1.4214020144104118,
      2.073080554422296,
      3.713536240309921
    ],
    "intercept_": 64.55407407407407
  },
  "norm_weights": [
    0.027777777777777776,
    0.05555555555555555,
    0.08333333333333333,
    0.1111111111111111,
    0.1388888888888889,
    0.16666666666666666,
    0.19444444444444445,
    0.2222222222222222
  ],
  "sum_weeks": [
    9,
    10,
    11,
    12,
    13,
    14,
    15,
    16
  ]
}