{
  "features": [
    "weighted_ap_sum",
    "weighted_eff_sum",
    "prior_midterm"
  ],
  "scaler": {
    "mean_": [
      64.82052385999508,
      64.21576658861227,
      65.42940039438008
    ],
    "scale_": [
      16.507590165441847,
      16.148750018801156,
      16.055594404700262
    ]
  },
  "ridge": {
    "coef_": [
      4.496646897619622,
      3.0652470438039447,
      3.5393589231405835
    ],
    "intercept_": 64.52110840522553
  },
  "norm_weights": [
    0.047619047619047616,
    0.09523809523809523,
    0.14285714285714285,
    0.19047619047619047,
    0.23809523809523808,
    0.2857142857142857
  ],
  "sum_weeks": [
    2,
    3,
    4,
    5,
    6,
    7
  ]
}